id,name,age
1,Anders Andersson,13
2,Petra Petersson,26
3,Sven Svensson,58
4,Anna Annadotter,31
5,Lars Larsson,28
6,Maria Mariasson,39
7,Johan Johansson,55
8,Lena Lenasson,17
9,Jan Jansson,43
10,Sara Sarahdotter,15
11,Haldor Ennis,23
12,Gera Tang,30
13,Jor-El Abbasi,41
14,Niloofar Strickland,56
15,Belenos Dries,13
16,Vladana Bellamy,22
17,Avery Van der Hout,41
18,Pili Evgeni,49
19,Marcianus Yuen,18
20,Zoja Serra,24
21,Storm Knutsson,43
22,Chinweuba Linda,31
23,Dragan Nepi,40
24,Morton Delgado,27
